,id,job_title,rank
27,79,liberal arts major aspiring human resources analyst,1.0
0,1,ct bauer college business graduate magna cum laude aspiring human resources professional,1.0
24,76,aspiring human resources professional passionate helping create inclusive engaging work environment,1.0
17,69,director human resources north america groupe beneteau,1.0
25,77,human resourcesconflict managementpolicies procedurestalent managementbenefits compensation,1.0
46,98,student,6.0
28,80,junior mes engineer information systems,7.0
32,84,human resources professional world leader gis software,8.0
22,74,human resources professional,9.0
5,6,aspiring human resources specialist,10.0
2,3,aspiring human resources professional,11.0
45,97,aspiring human resources professional,11.0
34,86,information systems specialist programmer love data organization,13.0
9,11,student chapman university,14.0
6,7,student humber college aspiring human resources generalist,15.0
29,81,senior human resources business partner heil environmental,16.0
30,82,aspiring human resources professional energetic teamfocused leader,17.0
43,95,student westfield state university,18.0
12,27,aspiring human resources management student seeking internship,19.0
31,83,hr manager endemol shine north america,20.0
37,89,director human resources ey,21.0
7,8,hr senior specialist,22.0
16,68,human resources specialist luxottica,23.0
35,87,bachelor science biology victoria university wellington,24.0
3,4,people development coordinator ryan,25.0
51,103,always set success,26.0
21,73,aspiring human resources manager seeking internship human resources,27.0
36,88,human resources management major,28.0
48,100,aspiring human resources manager graduating may seeking entrylevel human resources position st louis,29.0
15,67,human resources staffing recruiting professional,30.0
50,102,business intelligence analytics travelers,31.0
14,66,experienced retail manager aspiring human resources professional,32.0
40,92,seeking employment opportunities within customer service patient care,33.0
38,90,undergraduate research assistant styczynski lab,34.0
1,2,native english teacher epik english program korea,35.0
10,12,svp chro marketing communications csr officer engie houston woodlands energy gphr sphr,36.0
11,13,human resources coordinator intercontinental buckhead atlanta,37.0
18,70,retired army national guard recruiter office manager seeking position human resources,38.0
39,91,lead official western illinois university,39.0
47,99,seeking human resources position,40.0
4,5,advisory board member celal bayar university,41.0
52,104,director administration excellence logging,42.0
44,96,student indiana university kokomo business management retail manager delphi hardware paint,43.0
13,28,seeking human resources opportunities,44.0
23,75,nortia staffing seeking human resources payroll administrative professionals,45.0
42,94,seeking human resources opportunities open travel relocation,46.0
41,93,admissions representative community medical center long beach,47.0
19,71,human resources generalist scottmadden inc,48.0
33,85,rrp brand portfolio executive jti japan tobacco international,49.0
26,78,human resources generalist schwans,50.0
49,101,human resources generalist loparex,51.0
20,72,business management major aspiring human resources manager,52.0
8,10,seeking human resources hris generalist positions,52.0
